url,category
https://www.python.org/,programming
https://docs.python.org/3/,programming
https://pypi.org/,programming
https://github.com/,development
https://stackoverflow.com/,development
https://git-scm.com/,development
https://developer.mozilla.org/,web
https://www.w3.org/,web
https://www.djangoproject.com/,web
https://flask.palletsprojects.com/,web
https://fastapi.tiangolo.com/,web
https://numpy.org/,data-science
https://pandas.pydata.org/,data-science
https://scikit-learn.org/,machine-learning
https://pytorch.org/,machine-learning
https://www.tensorflow.org/,machine-learning
https://jupyter.org/,data-science
https://matplotlib.org/,data-science
https://www.kaggle.com/,data-science
https://www.google.com/,search
https://www.bing.com/,search
https://duckduckgo.com/,search
https://www.wikipedia.org/,knowledge
https://www.britannica.com/,knowledge
https://www.youtube.com/,media
https://www.vimeo.com/,media
https://open.spotify.com/,media
https://www.reddit.com/,community
https://news.ycombinator.com/,community
https://www.linkedin.com/,professional
https://www.nasa.gov/,science
https://www.noaa.gov/,science
https://www.who.int/,health
https://www.cdc.gov/,health
https://www.mozilla.org/,technology
https://www.kernel.org/,technology
https://www.gnu.org/,technology
https://www.raspberrypi.com/,hardware
https://www.arduino.cc/,hardware
https://www.oracle.com/,enterprise
https://www.ibm.com/,enterprise
https://aws.amazon.com/,cloud
https://azure.microsoft.com/,cloud
https://cloud.google.com/,cloud
https://www.digitalocean.com/,cloud
https://redis.io/,database
https://www.postgresql.org/,database
https://www.sqlite.org/,database
https://www.mysql.com/,database
